{
  "results": [
    {
      "n_total": 1000,
      "label_a": "1xB300 (TP=1, TRTLLM)",
      "label_b": "2xB200 baseline",
      "stats": {
        "mean": 0.2655313408188522,
        "median": 0.23910922557115555,
        "p25": 0.17637846246361732,
        "p75": 0.32548464089632034,
        "p95": 0.5141694873571395,
        "p99": 0.7383509415388106,
        "max": 1.1814080476760864
      },
      "scenarios": [
        {
          "name": "vllm strict",
          "dist_threshold": 0.02,
          "p_mismatch": 0.001,
          "n_mismatch": 999,
          "rate": 0.999,
          "p_value": 0.0,
          "fraud_detected": "True"
        },
        {
          "name": "v0.2.13 minimax chain",
          "dist_threshold": 0.75,
          "p_mismatch": 0.1,
          "n_mismatch": 9,
          "rate": 0.009,
          "p_value": 1.0,
          "fraud_detected": "False"
        }
      ]
    }
  ],
  "scenarios": [
    [
      "vllm strict",
      0.02,
      0.001
    ],
    [
      "v0.2.13 minimax chain",
      0.75,
      0.1
    ]
  ]
}